Event,A,B,C
100 metres,25.4347,18,1.81
Long jump,0.14354,220,1.4
Shot put,51.39,1.5,1.05
High jump,0.8465,75,1.42
400 metres,1.53775,82,1.81
110 metres hurdles,5.74352,28.5,1.92
Discus throw,12.91,4,1.1
Pole vault,0.2797,100,1.35
Javelin throw,10.14,7,1.08
1500 metres,0.03768,480,1.85
